"id","title"
"6109464490","Mercedes-Benz Actros 1845 /Low Deck /GigaSpace/"
"6109464225","Mercedes-Benz Actros mp4"
"6100503828","Mercedes-Benz ACTROS MP4"
"6107501134","Mercedes-Benz Mercedes Actros 1848"
"6109431780","Mercedes-Benz 1843"
"6109429174","Mercedes-Benz ACTROS 1848 LS"
"6109631462","Mercedes-Benz ACTROS 450 MP4 / MEGA"
"6109631413","Mercedes-Benz ACTROS 480 MP4 / 2019"
"6104951716","Mercedes-Benz Actros MP4 / Salonka / Klima Postojowa / Xenon / ACC / Giga Space"
"6106476418","Mercedes-Benz Actros 1845 Gigaspace Lowdeck"
"6107162610","Mercedes-Benz ACTROS"
"6106475723","Mercedes-Benz Actros"
"6109373911","Mercedes-Benz Actros 1845 GIGA / Klima postojowa / Salonka / Xenon / ACC / Full Opcja"
"6108953093","Mercedes-Benz ACTROS 1845 LS Fabrycznie nowy!!!!"
"6108731522","Mercedes-Benz ACTROS MP5 1845, BigSpace"
"6109571354","Mercedes-Benz ACTROS 1845 MEGA LOW DECK BIG SPACE"
"6109553695","Mercedes-Benz Actros MP4"
"6108922109","Mercedes-Benz ACTROS 2645 LS"
"6109513684","Mercedes-Benz ACTROS"
"6108663430","Mercedes-Benz ACTROS"
"6109032546","Mercedes-Benz ACTROS"
"6106499981","Mercedes-Benz Actros MP4 / Klima Postojowa / Xenon / ACC / Poduszki Kabina / Dostępne 3 szt"
"6107827853","Mercedes-Benz Actros 1845 / Klima. Postojowa / Xenon / 390 tyś km !!!"
"6103061672","Mercedes-Benz ACTROS -MP4-1843-430km-BIG-SPACE-AUTOMAT-EURO 6"
"6106641993","Mercedes-Benz Actros 1845LSnRL Mega Liner"
"6107020318","Mercedes-Benz 1845 Actros Euro 6 12809ccm - 449KM 18t 11-19 LS 4x2 BigSpace 963.403"
"6109466154","Mercedes-Benz ACTROS  / 1848 / 2022 / EURO 6 / USZKODZONY"
"6108439938","Mercedes-Benz ACTROS 1851 / BIG SPACE / RETARDER / HYDRAULIKA DO WYWROTU / Z NIEMIEC / EURO 6  /"
"6108382565","Mercedes-Benz ACTROS 1848 / HYDRAULIKA / EURO 6 /"
"6108381889","Mercedes-Benz 1848 / GIGA SPACE / I-PARK COOL / FLEETBOARD / EURO 6 /"
"6108382273","Mercedes-Benz ACTROS 1848 / HYDRAULIKA / EURO 6 /"
"6109666894","Mercedes-Benz"
"6109464490","Mercedes-Benz Actros 1845 /Low Deck /GigaSpace/"
"6109464225","Mercedes-Benz Actros mp4"
"6100503828","Mercedes-Benz ACTROS MP4"
"6107501134","Mercedes-Benz Mercedes Actros 1848"
"6109431780","Mercedes-Benz 1843"
"6109429174","Mercedes-Benz ACTROS 1848 LS"
"6109631462","Mercedes-Benz ACTROS 450 MP4 / MEGA"
"6109631413","Mercedes-Benz ACTROS 480 MP4 / 2019"
"6104951716","Mercedes-Benz Actros MP4 / Salonka / Klima Postojowa / Xenon / ACC / Giga Space"
"6106476418","Mercedes-Benz Actros 1845 Gigaspace Lowdeck"
"6107162610","Mercedes-Benz ACTROS"
"6106475723","Mercedes-Benz Actros"
"6109373911","Mercedes-Benz Actros 1845 GIGA / Klima postojowa / Salonka / Xenon / ACC / Full Opcja"
"6108953093","Mercedes-Benz ACTROS 1845 LS Fabrycznie nowy!!!!"
"6108731522","Mercedes-Benz ACTROS MP5 1845, BigSpace"
"6109571354","Mercedes-Benz ACTROS 1845 MEGA LOW DECK BIG SPACE"
"6109553695","Mercedes-Benz Actros MP4"
"6108922109","Mercedes-Benz ACTROS 2645 LS"
"6109513684","Mercedes-Benz ACTROS"
"6108663430","Mercedes-Benz ACTROS"
"6109032546","Mercedes-Benz ACTROS"
"6106499981","Mercedes-Benz Actros MP4 / Klima Postojowa / Xenon / ACC / Poduszki Kabina / Dostępne 3 szt"
"6107827853","Mercedes-Benz Actros 1845 / Klima. Postojowa / Xenon / 390 tyś km !!!"
"6103061672","Mercedes-Benz ACTROS -MP4-1843-430km-BIG-SPACE-AUTOMAT-EURO 6"
"6106641993","Mercedes-Benz Actros 1845LSnRL Mega Liner"
"6107020318","Mercedes-Benz 1845 Actros Euro 6 12809ccm - 449KM 18t 11-19 LS 4x2 BigSpace 963.403"
"6109466154","Mercedes-Benz ACTROS  / 1848 / 2022 / EURO 6 / USZKODZONY"
"6108439938","Mercedes-Benz ACTROS 1851 / BIG SPACE / RETARDER / HYDRAULIKA DO WYWROTU / Z NIEMIEC / EURO 6  /"
"6108382565","Mercedes-Benz ACTROS 1848 / HYDRAULIKA / EURO 6 /"
"6108381889","Mercedes-Benz 1848 / GIGA SPACE / I-PARK COOL / FLEETBOARD / EURO 6 /"
"6108382273","Mercedes-Benz ACTROS 1848 / HYDRAULIKA / EURO 6 /"
"6109666894","Mercedes-Benz"